{"kmeans": {"2": {"silhouette": 0.6011060556631195, "average_entropy": 0.17174303035276495, "score": -92209.21599802388, "homogeneity": 0.4390517180271925, "completeness": 0.3768522133991111, "v_measure": 0.4055811116046199}, "3": {"silhouette": 0.5176256410724903, "average_entropy": 0.14367674519004642, "score": -68068.25072474404, "homogeneity": 0.5307220141145967, "completeness": 0.31112886896839603, "v_measure": 0.3922854826341619}, "4": {"silhouette": 0.35361945998152766, "average_entropy": 0.15054222297666908, "score": -53119.44886123684, "homogeneity": 0.5082979427481016, "completeness": 0.17016313461720847, "v_measure": 0.2549698844726027}, "5": {"silhouette": 0.30334281173341476, "average_entropy": 0.14912010327472036, "score": -44216.669136608194, "homogeneity": 0.5129428800240388, "completeness": 0.12067282866044629, "v_measure": 0.19538110379949408}, "6": {"silhouette": 0.2678193783671119, "average_entropy": 0.15056080931195687, "score": -39131.67881175742, "homogeneity": 0.5082372359303252, "completeness": 0.10085994044856425, "v_measure": 0.16831723848868635}, "7": {"silhouette": 0.27302667430935645, "average_entropy": 0.11354384107936491, "score": -34350.50946186478, "homogeneity": 0.629142315404369, "completeness": 0.11921696412079405, "v_measure": 0.20045034222072203}, "8": {"silhouette": 0.2760768344278702, "average_entropy": 0.11671175694825611, "score": -31192.192436783305, "homogeneity": 0.6187952465280474, "completeness": 0.10966853532955809, "v_measure": 0.18631638262803568}, "9": {"silhouette": 0.2474904534660043, "average_entropy": 0.11613991486434704, "score": -29188.688081404965, "homogeneity": 0.620663001125538, "completeness": 0.10276678263728346, "v_measure": 0.17633650468718828}, "10": {"silhouette": 0.23277626562988268, "average_entropy": 0.11787764591423402, "score": -27481.247245878665, "homogeneity": 0.6149872118666503, "completeness": 0.09279625448297285, "v_measure": 0.16125979915999208}, "11": {"silhouette": 0.2359114652331289, "average_entropy": 0.10431114969986245, "score": -25852.017487512403, "homogeneity": 0.6592981962961867, "completeness": 0.0974095383717495, "v_measure": 0.16974038987118573}, "12": {"silhouette": 0.2340013952329369, "average_entropy": 0.1051872711414349, "score": -24480.42064635959, "homogeneity": 0.6564366023413083, "completeness": 0.09454932288545173, "v_measure": 0.16529107719257596}, "13": {"silhouette": 0.22666707693180493, "average_entropy": 0.10550402099150216, "score": -23261.53984608854, "homogeneity": 0.6554020317747741, "completeness": 0.08879109345689128, "v_measure": 0.1563945193313491}, "14": {"silhouette": 0.23256603419271518, "average_entropy": 0.10529314921860314, "score": -22121.394965453044, "homogeneity": 0.6560907826281941, "completeness": 0.08779170048495673, "v_measure": 0.15486135723584157}, "15": {"silhouette": 0.23442053533111856, "average_entropy": 0.10477995708537165, "score": -21003.438339930144, "homogeneity": 0.6577669743482681, "completeness": 0.08414942250347357, "v_measure": 0.14921010310094196}, "16": {"silhouette": 0.23389605432693839, "average_entropy": 0.10518646664324763, "score": -20102.90672774505, "homogeneity": 0.6564392299988923, "completeness": 0.08128571811667334, "v_measure": 0.14465861388235787}, "17": {"silhouette": 0.23069750674503928, "average_entropy": 0.105038573723321, "score": -19359.414838428744, "homogeneity": 0.6569222788840673, "completeness": 0.07881231455760189, "v_measure": 0.14073978781157453}, "18": {"silhouette": 0.23106272122474708, "average_entropy": 0.10088909356974642, "score": -18701.386295150878, "homogeneity": 0.6704753398638751, "completeness": 0.07977558779256591, "v_measure": 0.14258579994066825}, "19": {"silhouette": 0.22244550457343068, "average_entropy": 0.10151066946723582, "score": -18171.263733768472, "homogeneity": 0.6684451443380584, "completeness": 0.0766702773323925, "v_measure": 0.13756224366687936}, "20": {"silhouette": 0.2207418964268166, "average_entropy": 0.1004341796758447, "score": -17659.478074381106, "homogeneity": 0.67196118279273, "completeness": 0.07541803721904575, "v_measure": 0.13561520614077985}, "21": {"silhouette": 0.21981824229831837, "average_entropy": 0.09880410739893074, "score": -17146.403837381193, "homogeneity": 0.6772853362174621, "completeness": 0.0747553295203576, "v_measure": 0.1346488050312261}, "22": {"silhouette": 0.22018517817344965, "average_entropy": 0.09836369985714324, "score": -16675.477034020543, "homogeneity": 0.6787237983979999, "completeness": 0.07468822206553248, "v_measure": 0.13456826384246734}, "23": {"silhouette": 0.21627473284827517, "average_entropy": 0.0972116268870099, "score": -16274.262125658406, "homogeneity": 0.682486707157536, "completeness": 0.073556104190638, "v_measure": 0.13279952560063824}, "24": {"silhouette": 0.21745220257563816, "average_entropy": 0.09931688095575357, "score": -15842.26027705182, "homogeneity": 0.6756105116545666, "completeness": 0.07127550931963303, "v_measure": 0.1289473412745545}, "25": {"silhouette": 0.21777983752675933, "average_entropy": 0.0971546441306896, "score": -15440.507510636306, "homogeneity": 0.6826728246331288, "completeness": 0.07214058172361522, "v_measure": 0.1304916268873513}, "26": {"silhouette": 0.21550468702039616, "average_entropy": 0.09597881910526003, "score": -15068.061779198993, "homogeneity": 0.6865133125211135, "completeness": 0.07116794900529333, "v_measure": 0.12896648471556482}, "27": {"silhouette": 0.21530002853972874, "average_entropy": 0.09614029376447084, "score": -14766.5123255913, "homogeneity": 0.6859859028644855, "completeness": 0.07091374766811603, "v_measure": 0.1285397111371016}, "28": {"silhouette": 0.21421402481306712, "average_entropy": 0.09661282218221352, "score": -14386.95233633686, "homogeneity": 0.68444252725517, "completeness": 0.06900284715853024, "v_measure": 0.1253667079281969}, "29": {"silhouette": 0.20987846657302098, "average_entropy": 0.09743193119156605, "score": -14153.317022922982, "homogeneity": 0.6817671477035178, "completeness": 0.06797687517332567, "v_measure": 0.12362726179233326}, "30": {"silhouette": 0.21134977011390127, "average_entropy": 0.09573881104655649, "score": -13828.478378919626, "homogeneity": 0.6872972285141681, "completeness": 0.0679035022611299, "v_measure": 0.1235959845075051}}, "em": {"2": {"silhouette": 0.451556795394008, "average_entropy": 0.19983018140461695, "score": 0.17036012674061426, "homogeneity": 0.347313269627365, "completeness": 0.20136675365727588, "v_measure": 0.25492944025292125}, "3": {"silhouette": 0.3669905413248355, "average_entropy": 0.10385239809532318, "score": 0.7206343535316218, "homogeneity": 0.6607965739822541, "completeness": 0.27651754294831343, "v_measure": 0.3898839070611621}, "4": {"silhouette": 0.21425236171060397, "average_entropy": 0.10972317944302784, "score": 2.201503390464908, "homogeneity": 0.641621387052872, "completeness": 0.1668360748845416, "v_measure": 0.2648144121803239}, "5": {"silhouette": 0.1480377021932369, "average_entropy": 0.10509676285189767, "score": 3.002786660198499, "homogeneity": 0.6567322211470112, "completeness": 0.13918465761918652, "v_measure": 0.2296899381994025}, "6": {"silhouette": 0.15955363615388862, "average_entropy": 0.11410633255579573, "score": 3.340447851405609, "homogeneity": 0.6273051018261536, "completeness": 0.12333675962232481, "v_measure": 0.20614298915995294}, "7": {"silhouette": 0.1244234840512172, "average_entropy": 0.11358833692024181, "score": 3.781735789635644, "homogeneity": 0.628996982778974, "completeness": 0.11061216737302662, "v_measure": 0.1881391530160977}, "8": {"silhouette": 0.1259936775025561, "average_entropy": 0.09856467904739849, "score": 3.868764096318271, "homogeneity": 0.6780673587669148, "completeness": 0.11188009372140735, "v_measure": 0.19206907854264155}, "9": {"silhouette": 0.12034412251912059, "average_entropy": 0.10288531778579114, "score": 4.132082345623037, "homogeneity": 0.6639552584252113, "completeness": 0.10433740282834625,