{"kmeans": {"2": {"silhouette": 0.32404216447952683, "average_entropy": 0.4245686050312359, "score": -136829.0260171527, "homogeneity": 0.020969535669842224, "completeness": 0.02131213714008632, "v_measure": 0.02113944838316176}, "3": {"silhouette": 0.31702800967088773, "average_entropy": 0.41580567651147526, "score": -117932.36863747152, "homogeneity": 0.0411763382358546, "completeness": 0.027309563824355402, "v_measure": 0.03283910420327663}, "4": {"silhouette": 0.2685696729441023, "average_entropy": 0.4141657678882403, "score": -107718.23852134867, "homogeneity": 0.04495787196642267, "completeness": 0.02229740268410299, "v_measure": 0.029810116166043676}, "5": {"silhouette": 0.2338383184895928, "average_entropy": 0.4032005554430245, "score": -100023.2211247476, "homogeneity": 0.070243012941293, "completeness": 0.026850157939120663, "v_measure": 0.038850023631762515}, "6": {"silhouette": 0.23658412090382153, "average_entropy": 0.3601413433324457, "score": -93175.85469050596, "homogeneity": 0.16953504708311973, "completeness": 0.058244765522393986, "v_measure": 0.08670240748933962}, "7": {"silhouette": 0.23449662038001004, "average_entropy": 0.36111398607538603, "score": -87357.09046626704, "homogeneity": 0.16729218959209385, "completeness": 0.054376719220050516, "v_measure": 0.08207556458777829}, "8": {"silhouette": 0.19472920038013172, "average_entropy": 0.36011492249797905, "score": -83715.540880644, "homogeneity": 0.169595971987906, "completeness": 0.05103566136660866, "v_measure": 0.07846057669897141}, "9": {"silhouette": 0.17747642507344075, "average_entropy": 0.36160321109543275, "score": -80125.55041568645, "homogeneity": 0.16616406520215646, "completeness": 0.04655658337464166, "v_measure": 0.07273418172811433}, "10": {"silhouette": 0.11364929071176154, "average_entropy": 0.3554568056698415, "score": -77907.48885612149, "homogeneity": 0.1803373179732488, "completeness": 0.044513789311903695, "v_measure": 0.07140278270593206}, "11": {"silhouette": 0.11776614293744567, "average_entropy": 0.35726894394879694, "score": -74712.12297519844, "homogeneity": 0.17615863269211418, "completeness": 0.04171400811578592, "v_measure": 0.0674548452392757}, "12": {"silhouette": 0.1279385410692018, "average_entropy": 0.35882460333147276, "score": -72501.67343727552, "homogeneity": 0.1725713728012229, "completeness": 0.0390065355644942, "v_measure": 0.06363056939715175}, "13": {"silhouette": 0.11187236420316292, "average_entropy": 0.3585170711626321, "score": -70745.39074126838, "homogeneity": 0.1732805240632056, "completeness": 0.03518520531819485, "v_measure": 0.058493171370663344}, "14": {"silhouette": 0.11154824443242183, "average_entropy": 0.35765986498786445, "score": -69380.86107826859, "homogeneity": 0.17525719155431196, "completeness": 0.034567462507, "v_measure": 0.057745324783097754}, "15": {"silhouette": 0.11328770656512195, "average_entropy": 0.35933709280565973, "score": -68158.37954528035, "homogeneity": 0.17138960193561403, "completeness": 0.03163062296624618, "v_measure": 0.05340512140385035}, "16": {"silhouette": 0.1176147501846752, "average_entropy": 0.3453718461348665, "score": -66787.95256642262, "homogeneity": 0.2035926470279039, "completeness": 0.037860311049098316, "v_measure": 0.06384747575821809}, "17": {"silhouette": 0.1094332538327456, "average_entropy": 0.3436776546703625, "score": -65352.26510224414, "homogeneity": 0.20749935382747042, "completeness": 0.036503384468301175, "v_measure": 0.06208478431505761}, "18": {"silhouette": 0.11697138947284155, "average_entropy": 0.3477507860324853, "score": -64389.56289074394, "homogeneity": 0.19810695024067415, "completeness": 0.03534349614950156, "v_measure": 0.059985254612178976}, "19": {"silhouette": 0.10126252189603789, "average_entropy": 0.3443766934990746, "score": -63604.26725212801, "homogeneity": 0.20588741102023358, "completeness": 0.036517372534552686, "v_measure": 0.062032334330573785}, "20": {"silhouette": 0.09808632763362822, "average_entropy": 0.34409002599896193, "score": -63042.39861671378, "homogeneity": 0.2065484495718769, "completeness": 0.03578551405283388, "v_measure": 0.06100211736058731}, "21": {"silhouette": 0.1058160818678444, "average_entropy": 0.3458099978509559, "score": -61820.14665997627, "homogeneity": 0.2025822947009398, "completeness": 0.03368178603944885, "v_measure": 0.05776022731949028}, "22": {"silhouette": 0.10422318611282737, "average_entropy": 0.3462766147099386, "score": -61110.19197162338, "homogeneity": 0.20150630341307493, "completeness": 0.03296477792277924, "v_measure": 0.05666038220327372}, "23": {"silhouette": 0.10406905626840267, "average_entropy": 0.34863732736556796, "score": -60445.646034037825, "homogeneity": 0.19606263758380246, "completeness": 0.03090372670946259, "v_measure": 0.053391754224844275}, "24": {"silhouette": 0.10146319808575915, "average_entropy": 0.348319709998542, "score": -59908.98698160086, "homogeneity": 0.19679504472515374, "completeness": 0.03036436895898534, "v_measure": 0.05261113550542519}, "25": {"silhouette": 0.09771560675807237, "average_entropy": 0.3368245885764678, "score": -59661.92978143539, "homogeneity": 0.22330212492378748, "completeness": 0.0346696354731196, "v_measure": 0.06002054844739159}, "26": {"silhouette": 0.08693657025738857, "average_entropy": 0.35031256737071115, "score": -58794.07582447997, "homogeneity": 0.19219963174525356, "completeness": 0.028306539072560026, "v_measure": 0.04934561573085153}, "27": {"silhouette": 0.09174137297560356, "average_entropy": 0.33810752323643556, "score": -58159.858428238695, "homogeneity": 0.2203437523522652, "completeness": 0.03210991671280279, "v_measure": 0.0560516277099074}, "28": {"silhouette": 0.09691985417677781, "average_entropy": 0.3474390174309715, "score": -57753.5456119695, "homogeneity": 0.19882587046955202, "completeness": 0.02894506901164467, "v_measure": 0.05053347503548938}, "29": {"silhouette": 0.08940898084225436, "average_entropy": 0.3355940699994697, "score": -57272.40157091667, "homogeneity": 0.22613962906217328, "completeness": 0.03238605681732575, "v_measure": 0.056657974626708345}, "30": {"silhouette": 0.08520618599637708, "average_entropy": 0.3484403649297711, "score": -56815.469014747854, "homogeneity": 0.19651682148409158, "completeness": 0.027612947464762807, "v_measure": 0.048422025267162785}}, "em": {"2": {"silhouette": 0.03931736705205666, "average_entropy": 0.43337822399071657, "score": 117.06289230665928, "homogeneity": 0.0006550676704080135, "completeness": 0.0009696546394310353, "v_measure": 0.0007819051931592357}, "3": {"silhouette": 0.026635847037752368, "average_entropy": 0.3723294377358314, "score": 100.2081388752977, "homogeneity": 0.1414300115679088, "completeness": 0.05621276395611533, "v_measure": 0.08044991106301427}, "4": {"silhouette": -0.00412545699206515, "average_entropy": 0.4241987146530982, "score": 134.81052479721612, "homogeneity": 0.021822481328962532, "completeness": 0.010447987647291107, "v_measure": 0.01413062918459703}, "5": {"silhouette": -0.014862548449812092, "average_entropy": 0.42282010719084845, "score": 150.35173378446532, "homogeneity": 0.025001469807859722, "completeness": 0.008946357637334968, "v_measure": 0.013177402337232995}, "6": {"silhouette": -0.04199999189730039, "average_entropy": 0.423865910324076, "score": 160.37845429806964, "homogeneity": 0.02258990871975954, "completeness": 0.007270662987610264, "v_measure": 0.011000701180929738}, "7": {"silhouette": -0.026621579893889726, "average_entropy": 0.4233760667603688, "score": 165.20387615408055, "homogeneity": 0.02371945943533967, "completeness": 0.0067320747892883415, "v_measure": 0.010487561887837742}, "8": {"silhouette": -0.025291543680518603, "average_entropy": 0.4271913941446873, "score": 173.0440937010374, "homogeneity": 0.014921536799570537, "completeness": 0.00437994701767098, "v_measure": 0.006772074232548517}, "9": {"silhouette": -0.07551439711760874, "average_entropy": 0.42691804288600693, "score": 172.6054278975592,