{"kmeans": {"2": {"silhouette": 0.18113077525898388, "average_entropy": 0.43184361473440924, "score": -8.081244491035708, "homogeneity": 0.0041937871964513795, "completeness": 0.0026335485774291187, "v_measure": 0.0032353886409127123}, "3": {"silhouette": 0.31410786844573, "average_entropy": 0.42046983984344016, "score": -7.365561175147686, "homogeneity": 0.03042104936500401, "completeness": 0.025932529706743316, "v_measure": 0.027998035949549156}, "4": {"silhouette": 0.24406905147566962, "average_entropy": 0.41917551266491426, "score": -6.5795952005800125, "homogeneity": 0.03340569242049618, "completeness": 0.013233869111983453, "v_measure": 0.01895757792577688}, "5": {"silhouette": 0.25302695272985254, "average_entropy": 0.41891558907584264, "score": -6.002008012353695, "homogeneity": 0.03400506107160498, "completeness": 0.01253307060891879, "v_measure": 0.018315639931432}, "6": {"silhouette": 0.27020144679006536, "average_entropy": 0.3699728297143206, "score": -5.317121768677093, "homogeneity": 0.14686421235007682, "completeness": 0.04887142449016126, "v_measure": 0.07333833920117597}, "7": {"silhouette": 0.2793174444258829, "average_entropy": 0.37018912841153995, "score": -4.795245277229309, "homogeneity": 0.14636544015763445, "completeness": 0.04614606872601706, "v_measure": 0.07016920390676462}, "8": {"silhouette": 0.29252122377986783, "average_entropy": 0.3694057662772721, "score": -4.29188075978214, "homogeneity": 0.1481718275941118, "completeness": 0.042265487094880726, "v_measure": 0.06577024547139139}, "9": {"silhouette": 0.30312871961527427, "average_entropy": 0.3681966489985985, "score": -3.8865364361480976, "homogeneity": 0.1509599815855794, "completeness": 0.0378545947978007, "v_measure": 0.06053059083746216}, "10": {"silhouette": 0.3147822887718798, "average_entropy": 0.36636024120044614, "score": -3.540233379800158, "homogeneity": 0.15519463096383848, "completeness": 0.03716315167887805, "v_measure": 0.05996660526046063}, "11": {"silhouette": 0.3161577423057771, "average_entropy": 0.36612983568720003, "score": -3.390486548129097, "homogeneity": 0.1557259326520585, "completeness": 0.03718897868856238, "v_measure": 0.06003982118757523}, "12": {"silhouette": 0.31497992685748327, "average_entropy": 0.35444572207710245, "score": -3.2793120218650396, "homogeneity": 0.1826688178240294, "completeness": 0.04095736746954137, "v_measure": 0.06691196638733324}, "13": {"silhouette": 0.3217160012859067, "average_entropy": 0.35572573136571767, "score": -3.155577296932309, "homogeneity": 0.17971719098839015, "completeness": 0.04133788280253015, "v_measure": 0.06721517901647138}, "14": {"silhouette": 0.32339017557555194, "average_entropy": 0.3561269891531582, "score": -3.0476529860122357, "homogeneity": 0.1787919139111428, "completeness": 0.04061775313192059, "v_measure": 0.06619695402756401}, "15": {"silhouette": 0.2988242417138655, "average_entropy": 0.3563082371454551, "score": -2.958630998723893, "homogeneity": 0.1783739666019127, "completeness": 0.037973718237720284, "v_measure": 0.06261701162835565}, "16": {"silhouette": 0.2826528334683859, "average_entropy": 0.35718495442912535, "score": -2.8639708896347527, "homogeneity": 0.1763523076305538, "completeness": 0.035325893783928974, "v_measure": 0.05886107162928185}, "17": {"silhouette": 0.3004914256189556, "average_entropy": 0.3568282586774824, "score": -2.757248219161468, "homogeneity": 0.17717482724980277, "completeness": 0.03438094030201093, "v_measure": 0.05758705828904115}, "18": {"silhouette": 0.29853363481698075, "average_entropy": 0.3565162014172106, "score": -2.704639503143855, "homogeneity": 0.17789441310895837, "completeness": 0.033878356364764724, "v_measure": 0.05691733018917497}, "19": {"silhouette": 0.27875033648608116, "average_entropy": 0.35596931390880915, "score": -2.6010232314840325, "homogeneity": 0.17915550383715148, "completeness": 0.03309684355189726, "v_measure": 0.05587200099220637}, "20": {"silhouette": 0.27853189778208176, "average_entropy": 0.35563711414112537, "score": -2.5556409021067363, "homogeneity": 0.17992153714472922, "completeness": 0.032920447584566644, "v_measure": 0.05565722891036785}, "21": {"silhouette": 0.3165996248578416, "average_entropy": 0.34761552901729553, "score": -2.505065768367997, "homogeneity": 0.1984188450365113, "completeness": 0.037162312941155455, "v_measure": 0.06260011009342686}, "22": {"silhouette": 0.3168618353869966, "average_entropy": 0.3478551287536774, "score": -2.436305930097425, "homogeneity": 0.19786634200547207, "completeness": 0.03635586332404579, "v_measure": 0.061425445774959314}, "23": {"silhouette": 0.28849117924747447, "average_entropy": 0.34728406512525956, "score": -2.357624080876735, "homogeneity": 0.19918318145772201, "completeness": 0.03482925651475032, "v_measure": 0.05929088368568793}, "24": {"silhouette": 0.2881676051426253, "average_entropy": 0.3474539000989707, "score": -2.336669991961155, "homogeneity": 0.19879155190433342, "completeness": 0.03458459398023603, "v_measure": 0.05891883322739338}, "25": {"silhouette": 0.26301942194907296, "average_entropy": 0.34645782127099817, "score": -2.301343423964156, "homogeneity": 0.20108845164186165, "completeness": 0.03394704183917059, "v_measure": 0.05808789115343728}, "26": {"silhouette": 0.264354731079779, "average_entropy": 0.34635077970229255, "score": -2.2529118076141246, "homogeneity": 0.20133528326217215, "completeness": 0.033507808984075384, "v_measure": 0.05745371642636741}, "27": {"silhouette": 0.234851352245589, "average_entropy": 0.34580132204075265, "score": -2.227411805780239, "homogeneity": 0.20260230061374385, "completeness": 0.0318063622198303, "v_measure": 0.054981262910635986}, "28": {"silhouette": 0.23938088856130774, "average_entropy": 0.34557822263553833, "score": -2.1762617780796436, "homogeneity": 0.20311675484255437, "completeness": 0.03163302631316832, "v_measure": 0.054740819087858376}, "29": {"silhouette": 0.2618418262359305, "average_entropy": 0.34589286026695504, "score": -2.1488762017850664, "homogeneity": 0.20239121879789326, "completeness": 0.032168905380206635, "v_measure": 0.05551415859884686}, "30": {"silhouette": 0.24322451467015765, "average_entropy": 0.3445808245139517, "score": -2.109907539863258, "homogeneity": 0.20541669679428534, "completeness": 0.03132585038871313, "v_measure": 0.054361607473517516}}, "em": {"2": {"silhouette": 0.17671171946523972, "average_entropy": 0.35361692372700393, "score": 34.90857709556152, "homogeneity": 0.1845799785267219, "completeness": 0.12191364683888758, "v_measure": 0.14684036765066882}, "3": {"silhouette": 0.07056417063158157, "average_entropy": 0.3585497321993086, "score": 36.249406893367954, "homogeneity": 0.17320520961573016, "completeness": 0.07780893825184211, "v_measure": 0.10737971205509694}, "4": {"silhouette": 0.027611219115994668, "average_entropy": 0.3649445710114785, "score": 36.65762828623116, "homogeneity": 0.1584590839309685, "completeness": 0.05289532597068037, "v_measure": 0.07931459676137649}, "5": {"silhouette": 0.11415723821111128, "average_entropy": 0.3466237443332505, "score": 37.64758192640572, "homogeneity": 0.20070584272835623, "completeness": 0.055576169232385716, "v_measure": 0.08704834019414824}, "6": {"silhouette": 0.12062106038626007, "average_entropy": 0.341038319645899, "score": 37.975462063550516, "homogeneity": 0.2135855066044363, "completeness": 0.05437917844534915, "v_measure": 0.08668757507971657}, "7": {"silhouette": 0.12956606059375586, "average_entropy": 0.3410892286924189, "score": 37.779150093542896, "homogeneity": 0.2134681133095423, "completeness": 0.053379405670035594, "v_measure": 0.085403087587554}, "8": {"silhouette": 0.11972211863304993, "average_entropy": 0.33333698719126265, "score": 38.56627536538228, "homogeneity": 0.23134433050162187, "completeness": 0.052729465073241985, "v_measure": 0.08588375967865734}, "9": {"silhouette": 0.12160598022567302, "average_entropy": 0.32255551431168816, "score": 38.636783838437175,