{"kmeans": {"2": {"silhouette": 0.33488516943815577, "average_entropy": 0.4251907085617599, "score": -131627.06097237812, "homogeneity": 0.019535001177345836, "completeness": 0.018476828643644604, "v_measure": 0.018991186217923027}, "3": {"silhouette": 0.3091733027588844, "average_entropy": 0.4165207853909422, "score": -108264.79491474123, "homogeneity": 0.039527338827950814, "completeness": 0.02252353473154577, "v_measure": 0.02869566012099027}, "4": {"silhouette": 0.2556467977980209, "average_entropy": 0.41369181129717053, "score": -96954.6447329318, "homogeneity": 0.046050788248807054, "completeness": 0.020517232804785596, "v_measure": 0.028387046163922784}, "5": {"silhouette": 0.17694219328940733, "average_entropy": 0.39798403715017616, "score": -88884.22171459408, "homogeneity": 0.08227200016717916, "completeness": 0.02716429480497784, "v_measure": 0.04084313832636675}, "6": {"silhouette": 0.18391469188035572, "average_entropy": 0.3989857713275583, "score": -81705.33598140502, "homogeneity": 0.07996205952344024, "completeness": 0.02415596196368352, "v_measure": 0.0371032879956309}, "7": {"silhouette": 0.1592551571572473, "average_entropy": 0.37715233456139424, "score": -76669.3847481707, "homogeneity": 0.1303086925099465, "completeness": 0.034590613417167695, "v_measure": 0.054669212610275505}, "8": {"silhouette": 0.1591510858134896, "average_entropy": 0.3674878665754175, "score": -71858.95461783741, "homogeneity": 0.1525943925539199, "completeness": 0.03810530993224125, "v_measure": 0.060982335539943144}, "9": {"silhouette": 0.15652242236194022, "average_entropy": 0.36459879667854916, "score": -68083.41395466325, "homogeneity": 0.15925641939503504, "completeness": 0.0353081243112467, "v_measure": 0.05780133775918177}, "10": {"silhouette": 0.15030686237121801, "average_entropy": 0.3667033562509935, "score": -65457.03406152282, "homogeneity": 0.15440342764999382, "completeness": 0.03182913552125442, "v_measure": 0.052778392134341746}, "11": {"silhouette": 0.1528064095912135, "average_entropy": 0.3666531965608776, "score": -63196.70486787694, "homogeneity": 0.1545190929726852, "completeness": 0.031194760842424295, "v_measure": 0.05190981773142305}, "12": {"silhouette": 0.15504931161247007, "average_entropy": 0.36623683924719974, "score": -61547.34603537827, "homogeneity": 0.15547918867761004, "completeness": 0.031073567611015915, "v_measure": 0.051795461804969085}, "13": {"silhouette": 0.14961342143926934, "average_entropy": 0.3674486115716618, "score": -59760.052103439666, "homogeneity": 0.15268491230525963, "completeness": 0.02939376227014426, "v_measure": 0.049297195566744154}, "14": {"silhouette": 0.14743437117275995, "average_entropy": 0.3554446009730417, "score": -58287.810425825635, "homogeneity": 0.18036546129292305, "completeness": 0.033389305778124004, "v_measure": 0.056347539018113534}, "15": {"silhouette": 0.14183380935571716, "average_entropy": 0.36703298700592674, "score": -56964.83810555196, "homogeneity": 0.15364331833612727, "completeness": 0.02780710141330859, "v_measure": 0.04709138000727308}, "16": {"silhouette": 0.14358064710902596, "average_entropy": 0.3577817719485681, "score": -55391.9664773454, "homogeneity": 0.17497608120623606, "completeness": 0.03133148839635561, "v_measure": 0.05314648481888852}, "17": {"silhouette": 0.14012013902023712, "average_entropy": 0.35858219803343727, "score": -54234.38139335963, "homogeneity": 0.17313034529395838, "completeness": 0.02995785980192313, "v_measure": 0.05107745779058173}, "18": {"silhouette": 0.1359294948343661, "average_entropy": 0.35452734644751277, "score": -53098.396466137856, "homogeneity": 0.18248059678197218, "completeness": 0.030833612398306, "v_measure": 0.052753503979022245}, "19": {"silhouette": 0.13716857877863164, "average_entropy": 0.36034065313680136, "score": -51969.56120753127, "homogeneity": 0.16907545028771148, "completeness": 0.028151094974494133, "v_measure": 0.04826590713310858}, "20": {"silhouette": 0.13386219977128747, "average_entropy": 0.3589480344063474, "score": -50892.465120054774, "homogeneity": 0.17228674793467436, "completeness": 0.0281880872488201, "v_measure": 0.04844931163707392}, "21": {"silhouette": 0.1287446659376482, "average_entropy": 0.35601493654536126, "score": -49937.276310591755, "homogeneity": 0.1790503006956149, "completeness": 0.02808482476127382, "v_measure": 0.04855377674257702}, "22": {"silhouette": 0.12566559440043568, "average_entropy": 0.3596711603244417, "score": -49134.290961794664, "homogeneity": 0.17061926170283426, "completeness": 0.026724100983022882, "v_measure": 0.04621028361266618}, "23": {"silhouette": 0.12604422994623155, "average_entropy": 0.3598906278833641, "score": -48282.42011076129, "homogeneity": 0.17011318229995148, "completeness": 0.02589879508722486, "v_measure": 0.04495364526954061}, "24": {"silhouette": 0.12872141975727394, "average_entropy": 0.3609487549816246, "score": -47522.183467923125, "homogeneity": 0.16767320286658238, "completeness": 0.024984605509267045, "v_measure": 0.043489011563177395}, "25": {"silhouette": 0.12935411345283238, "average_entropy": 0.36067210932392274, "score": -46784.19525377026, "homogeneity": 0.16831113163358313, "completeness": 0.02488625664905219, "v_measure": 0.04336118677337454}, "26": {"silhouette": 0.12797624669451826, "average_entropy": 0.3618057654219875, "score": -46209.38253004842, "homogeneity": 0.16569698672760938, "completeness": 0.024205580253914255, "v_measure": 0.04224052127170182}, "27": {"silhouette": 0.12089813038352129, "average_entropy": 0.3628445839807749, "score": -45756.744490890866, "homogeneity": 0.16330153166119069, "completeness": 0.023731460479703616, "v_measure": 0.04144064424712021}, "28": {"silhouette": 0.12024916181663048, "average_entropy": 0.35427284502015705, "score": -45093.743135680794, "homogeneity": 0.1830674622441, "completeness": 0.026297069274193535, "v_measure": 0.045988092649430115}, "29": {"silhouette": 0.11858844995205525, "average_entropy": 0.3545083283837151, "score": -44517.27562245758, "homogeneity": 0.18252445132894063, "completeness": 0.025821842420528457, "v_measure": 0.045243114579006816}, "30": {"silhouette": 0.12400167000832868, "average_entropy": 0.35357222848668457, "score": -43943.54662877372, "homogeneity": 0.18468304314658526, "completeness": 0.025434804263689992, "v_measure": 0.044711833013251184}}, "em": {"2": {"silhouette": 0.30940394184832687, "average_entropy": 0.39655971876839163, "score": -11.28069154754313, "homogeneity": 0.0855563953630291, "completeness": 0.0747573094871333, "v_measure": 0.07979312726551369}, "3": {"silhouette": 0.27498583761790296, "average_entropy": 0.39304969840010945, "score": -10.754912058423027, "homogeneity": 0.09365029780952264, "completeness": 0.04832582489313046, "v_measure": 0.06375336650953546}, "4": {"silhouette": 0.20424186806059438, "average_entropy": 0.38145597649721885, "score": -10.56898184178412, "homogeneity": 0.12038474497164323, "completeness": 0.048173874770276216, "v_measure": 0.06881166489610625}, "5": {"silhouette": 0.1548031204550982, "average_entropy": 0.3776737604626836, "score": -10.481422794567992, "homogeneity": 0.12910631476414908, "completeness": 0.04236682136876963, "v_measure": 0.06379803039180287}, "6": {"silhouette": 0.08605855072986303, "average_entropy": 0.3650315533121805, "score": -10.413194916544512, "homogeneity": 0.15825850781385467, "completeness": 0.04378747047438828, "v_measure": 0.06859567111337202}, "7": {"silhouette": 0.0677290707820454, "average_entropy": 0.35614237027334095, "score": -10.361084895460634, "homogeneity": 0.17875644594423407, "completeness": 0.0432579534300381, "v_measure": 0.06965888731333239}, "8": {"silhouette": 0.047400003536773205, "average_entropy": 0.3588412394474621, "score": -10.292198344962465, "homogeneity": 0.1725330108871071, "completeness": 0.03781151555674997, "v_measure": 0.06202904097865373}, "9": {"silhouette": 0.05182812188745855, "average_entropy": 0.35222995747264485, "score": -10.247491979595193,