{"kmeans": {"2": {"silhouette": 0.45379627944736417, "average_entropy": 0.4251310038188462, "score": -4.709393924875249, "homogeneity": 0.019672676835612864, "completeness": 0.028466044714049555, "v_measure": 0.023266230611042462}, "3": {"silhouette": 0.37249925736654854, "average_entropy": 0.41528168774342455, "score": -4.155078342475355, "homogeneity": 0.04238462580306745, "completeness": 0.024714268797657014, "v_measure": 0.031222721066221804}, "4": {"silhouette": 0.39849161586287607, "average_entropy": 0.41382223385864125, "score": -3.6376443450663984, "homogeneity": 0.045750041421548704, "completeness": 0.02312938753979489, "v_measure": 0.030725296476965088}, "5": {"silhouette": 0.40586438207222203, "average_entropy": 0.4138241405880395, "score": -3.1358902290039463, "homogeneity": 0.045745644614658736, "completeness": 0.02294845045108577, "v_measure": 0.030564247415669685}, "6": {"silhouette": 0.3981171073689452, "average_entropy": 0.41428919990287716, "score": -2.7814034507668532, "homogeneity": 0.04467324493283504, "completeness": 0.021768594387985393, "v_measure": 0.029272932804955392}, "7": {"silhouette": 0.292368533973406, "average_entropy": 0.40781885193229556, "score": -2.5184025538117703, "homogeneity": 0.05959349033711077, "completeness": 0.02014503962246758, "v_measure": 0.030111245459147756}, "8": {"silhouette": 0.38646508161427223, "average_entropy": 0.4119979133330256, "score": -2.286490890084057, "homogeneity": 0.04995681825364119, "completeness": 0.020485031755688953, "v_measure": 0.02905565393877289}, "9": {"silhouette": 0.28678244629672284, "average_entropy": 0.4074172137895341, "score": -2.100774895698897, "homogeneity": 0.06051964449156471, "completeness": 0.018655535618689455, "v_measure": 0.02851970483352486}, "10": {"silhouette": 0.2614024275018313, "average_entropy": 0.4125306912033387, "score": -1.9032210087261787, "homogeneity": 0.04872826352874032, "completeness": 0.014756927975575073, "v_measure": 0.022653455340670533}, "11": {"silhouette": 0.30396542030894314, "average_entropy": 0.4066022083594611, "score": -1.7511852300682549, "homogeneity": 0.06239899952436902, "completeness": 0.018838188465107843, "v_measure": 0.028939556923770076}, "12": {"silhouette": 0.2814518921047863, "average_entropy": 0.4055925353117858, "score": -1.5967072822150827, "homogeneity": 0.06472724674042124, "completeness": 0.01632104376891027, "v_measure": 0.02606880960604194}, "13": {"silhouette": 0.28415393152706186, "average_entropy": 0.40601474756865386, "score": -1.496709491634834, "homogeneity": 0.06375364987765464, "completeness": 0.015620689580274334, "v_measure": 0.025093146756230585}, "14": {"silhouette": 0.28813741973442286, "average_entropy": 0.40586601476820783, "score": -1.3948902823063678, "homogeneity": 0.06409661904908204, "completeness": 0.015620385077497226, "v_measure": 0.02511920468367126}, "15": {"silhouette": 0.29108564686004035, "average_entropy": 0.4059327345095906, "score": -1.3055318120490886, "homogeneity": 0.0639427672130957, "completeness": 0.015248656453773289, "v_measure": 0.024624921356074046}, "16": {"silhouette": 0.29907780344097495, "average_entropy": 0.40551510673915675, "score": -1.2340957007785116, "homogeneity": 0.06490579251727616, "completeness": 0.015047043516792504, "v_measure": 0.024430410050325268}, "17": {"silhouette": 0.3038248273742197, "average_entropy": 0.40315706156253356, "score": -1.165138969441469, "homogeneity": 0.07034330729539087, "completeness": 0.01567437451955026, "v_measure": 0.02563629524134074}, "18": {"silhouette": 0.3118459272491367, "average_entropy": 0.40330913060983, "score": -1.0991240477934192, "homogeneity": 0.06999264493312303, "completeness": 0.015334748461901578, "v_measure": 0.025157679416355317}, "19": {"silhouette": 0.3087596176886253, "average_entropy": 0.4040799482983758, "score": -1.0548557689657474, "homogeneity": 0.06821518425753886, "completeness": 0.014146509283596918, "v_measure": 0.023433387437560946}, "20": {"silhouette": 0.3066328681394768, "average_entropy": 0.4026574468338332, "score": -0.9976337324730417, "homogeneity": 0.07149538974809588, "completeness": 0.014516730433128632, "v_measure": 0.024133326745063393}, "21": {"silhouette": 0.31012874301067284, "average_entropy": 0.40154345185049956, "score": -0.9533513131559308, "homogeneity": 0.0740641972691182, "completeness": 0.01490351307563229, "v_measure": 0.0248138729918802}, "22": {"silhouette": 0.29576954936856614, "average_entropy": 0.40228573985157906, "score": -0.9101561300320183, "homogeneity": 0.0723525243904558, "completeness": 0.013463669643242679, "v_measure": 0.022702719392687858}, "23": {"silhouette": 0.28209186189853547, "average_entropy": 0.40235081338685086, "score": -0.8684683689997081, "homogeneity": 0.07220246860984052, "completeness": 0.01309230260243393, "v_measure": 0.022165404848327564}, "24": {"silhouette": 0.2886309010147292, "average_entropy": 0.4024077151592065, "score": -0.8336732108923062, "homogeneity": 0.07207125643835538, "completeness": 0.012937138526744305, "v_measure": 0.021936558823921152}, "25": {"silhouette": 0.2943867316900022, "average_entropy": 0.40086766739461943, "score": -0.8073687557372595, "homogeneity": 0.07562251684759713, "completeness": 0.013474979624015847, "v_measure": 0.022874085445550765}, "26": {"silhouette": 0.2905715639342235, "average_entropy": 0.4023028724436013, "score": -0.7830170395995975, "homogeneity": 0.07231301763153769, "completeness": 0.012847374088882394, "v_measure": 0.021818415116226998}, "27": {"silhouette": 0.3024989406505607, "average_entropy": 0.40197137316766246, "score": -0.7563709847035645, "homogeneity": 0.07307743564596908, "completeness": 0.01258251000599136, "v_measure": 0.021468553551587544}, "28": {"silhouette": 0.2862130915293265, "average_entropy": 0.40141525009064843, "score": -0.7355837823113769, "homogeneity": 0.074359823057243, "completeness": 0.012539946403830911, "v_measure": 0.021460774902374607}, "29": {"silhouette": 0.28788805790875777, "average_entropy": 0.4008376397839815, "score": -0.7118663228626692, "homogeneity": 0.07569175876807151, "completeness": 0.012711923754574911, "v_measure": 0.021768049448911087}, "30": {"silhouette": 0.2985331505922385, "average_entropy": 0.4022186744870452, "score": -0.6986832511685506, "homogeneity": 0.07250717321328819, "completeness": 0.01224608701527714, "v_measure": 0.02095327424590164}}, "em": {"2": {"silhouette": 0.3239209482396399, "average_entropy": 0.41764037611895, "score": 22.830280310622584, "homogeneity": 0.036945627845765036, "completeness": 0.0256625814272919, "v_measure": 0.030287407801084836}, "3": {"silhouette": 0.31379208293626215, "average_entropy": 0.41843192324871814, "score": 23.483029494764747, "homogeneity": 0.03512036628659039, "completeness": 0.017055551808977082, "v_measure": 0.02296067797615166}, "4": {"silhouette": 0.31636304248961533, "average_entropy": 0.4142152097686963, "score": 23.899150228666684, "homogeneity": 0.04484386187098452, "completeness": 0.017734328694550758, "v_measure": 0.025417027215582894}, "5": {"silhouette": 0.19695653114105213, "average_entropy": 0.4063560247584891, "score": 24.99905680008192, "homogeneity": 0.06296668456352093, "completeness": 0.020373466046611756, "v_measure": 0.030785872130800647}, "6": {"silhouette": 0.18095122736961974, "average_entropy": 0.4065870617109488, "score": 25.356475841518442, "homogeneity": 0.06243392681326907, "completeness": 0.01849780375755631, "v_measure": 0.02853986978555489}, "7": {"silhouette": 0.18918911849976197, "average_entropy": 0.40561681961969076, "score": 25.431459262799553, "homogeneity": 0.0646712485413953, "completeness": 0.01863136817383845, "v_measure": 0.028928595267433015}, "8": {"silhouette": 0.21939075954159304, "average_entropy": 0.4053191279642152, "score": 25.79511524582266, "homogeneity": 0.06535770815295061, "completeness": 0.016905943998137638, "v_measure": 0.026863231208141537}, "9": {"silhouette": 0.22750837021542444, "average_entropy": 0.41046153603833724,