{"kmeans": {"2": {"silhouette": 0.3620551839745187, "average_entropy": 0.42452322424153, "score": -120162.40277202663, "homogeneity": 0.021074181126645858, "completeness": 0.021439715784869282, "v_measure": 0.021255377021519955}, "3": {"silhouette": 0.36031752743711903, "average_entropy": 0.4159654890333173, "score": -101278.05533786092, "homogeneity": 0.04080781987248394, "completeness": 0.02714017648582152, "v_measure": 0.032599384608798763}, "4": {"silhouette": 0.31783652368298654, "average_entropy": 0.4140414787077616, "score": -91069.9526564228, "homogeneity": 0.04524447557448996, "completeness": 0.022459990385035048, "v_measure": 0.030018418193756825}, "5": {"silhouette": 0.2801675983843169, "average_entropy": 0.4053057985937637, "score": -83396.37215143215, "homogeneity": 0.06538844490453385, "completeness": 0.02490535128254058, "v_measure": 0.036071629700725534}, "6": {"silhouette": 0.28398392371195613, "average_entropy": 0.36006082107843773, "score": -76552.80353589088, "homogeneity": 0.1697207267089738, "completeness": 0.0582306411374511, "v_measure": 0.08671101054533695}, "7": {"silhouette": 0.2824450881504207, "average_entropy": 0.3609439614969497, "score": -70743.94667928903, "homogeneity": 0.16768425636293685, "completeness": 0.05445978235771151, "v_measure": 0.08221735914168751}, "8": {"silhouette": 0.24324731400196095, "average_entropy": 0.36036276397221706, "score": -67120.81405057889, "homogeneity": 0.16902446398960197, "completeness": 0.051128962130067304, "v_measure": 0.07850929754490134}, "9": {"silhouette": 0.22126751788907528, "average_entropy": 0.3617779962728177, "score": -63530.345248862606, "homogeneity": 0.1657610207675335, "completeness": 0.04649398143763549, "v_measure": 0.0726191584893685}, "10": {"silhouette": 0.21587221328971187, "average_entropy": 0.3608730656032519, "score": -60840.864135067524, "homogeneity": 0.16784773816282056, "completeness": 0.04366726589133737, "v_measure": 0.06930432046077233}, "11": {"silhouette": 0.21421279209760807, "average_entropy": 0.3609140237726056, "score": -58264.2293403268, "homogeneity": 0.16775329101085323, "completeness": 0.04224733365494455, "v_measure": 0.06749626834043211}, "12": {"silhouette": 0.1518142366025341, "average_entropy": 0.35829624908149316, "score": -56155.717205858076, "homogeneity": 0.17378972691539532, "completeness": 0.03897956766073595, "v_measure": 0.06367693639756439}, "13": {"silhouette": 0.15468187362801097, "average_entropy": 0.34168209040911335, "score": -54328.10823635409, "homogeneity": 0.21210100873586457, "completeness": 0.046456914285963, "v_measure": 0.07621934975070563}, "14": {"silhouette": 0.15653673836032295, "average_entropy": 0.3433012538383347, "score": -52831.588991946985, "homogeneity": 0.20836731221390897, "completeness": 0.043326897392100217, "v_measure": 0.07173712236202515}, "15": {"silhouette": 0.15401614833088265, "average_entropy": 0.3441355451055592, "score": -51615.26131395032, "homogeneity": 0.20644348516438257, "completeness": 0.04161662180612737, "v_measure": 0.06926934404205796}, "16": {"silhouette": 0.14619585064282117, "average_entropy": 0.34368444788169683, "score": -50278.91221599569, "homogeneity": 0.20748368907796289, "completeness": 0.040074074371245605, "v_measure": 0.06717395302883819}, "17": {"silhouette": 0.14775242054061152, "average_entropy": 0.3468648147724692, "score": -49120.979779513844, "homogeneity": 0.20014994834227073, "completeness": 0.03562893412618353, "v_measure": 0.06048997476099159}, "18": {"silhouette": 0.13785111152858331, "average_entropy": 0.3465560873763192, "score": -48172.61972636836, "homogeneity": 0.20086185572878562, "completeness": 0.03431405852541507, "v_measure": 0.05861472247154592}, "19": {"silhouette": 0.14246995587057956, "average_entropy": 0.3478119197164315, "score": -47233.40505338929, "homogeneity": 0.19796597952764736, "completeness": 0.034213379305667785, "v_measure": 0.05834355974821997}, "20": {"silhouette": 0.1383052758507219, "average_entropy": 0.34887447903218416, "score": -46251.16548099478, "homogeneity": 0.1955157796589997, "completeness": 0.032946405651600896, "v_measure": 0.05639044535249429}, "21": {"silhouette": 0.1403613215438384, "average_entropy": 0.349383904218883, "score": -45514.84788932897, "homogeneity": 0.19434107486178795, "completeness": 0.0323554912105943, "v_measure": 0.055475043565859083}, "22": {"silhouette": 0.14006889709706638, "average_entropy": 0.3364862774305022, "score": -44770.830445804575, "homogeneity": 0.22408225071358293, "completeness": 0.036835100924187326, "v_measure": 0.06326978461603408}, "23": {"silhouette": 0.139126936776699, "average_entropy": 0.336718833622742, "score": -44080.063539609546, "homogeneity": 0.22354598968492168, "completeness": 0.036164118881637314, "v_measure": 0.062256673728253484}, "24": {"silhouette": 0.1286371456934079, "average_entropy": 0.3514256391236806, "score": -43832.93554691896, "homogeneity": 0.18963295313965503, "completeness": 0.028729950001877197, "v_measure": 0.04989991600248497}, "25": {"silhouette": 0.12932375159724793, "average_entropy": 0.33911508579890987, "score": -43042.21486211571, "homogeneity": 0.21802037179211134, "completeness": 0.033839434463352754, "v_measure": 0.058585656779642614}, "26": {"silhouette": 0.12615358314842193, "average_entropy": 0.33877957152455107, "score": -42614.19076313685, "homogeneity": 0.21879404815895184, "completeness": 0.0325008416563915, "v_measure": 0.05659478964972422}, "27": {"silhouette": 0.12994548383968013, "average_entropy": 0.3381291730114457, "score": -41902.386835395155, "homogeneity": 0.2202938292325875, "completeness": 0.032586893797642943, "v_measure": 0.056775317085915225}, "28": {"silhouette": 0.12881741418160012, "average_entropy": 0.3381776906925359, "score": -41321.31292528545, "homogeneity": 0.22018195028703386, "completeness": 0.03169432485676117, "v_measure": 0.055412271409909376}, "29": {"silhouette": 0.12851089543296235, "average_entropy": 0.33816323516000396, "score": -40780.431923734475, "homogeneity": 0.22021528390275394, "completeness": 0.031764370710160576, "v_measure": 0.05552035480543773}, "30": {"silhouette": 0.13104440710979193, "average_entropy": 0.3385710026871057, "score": -40185.64843874848, "homogeneity": 0.2192749957451587, "completeness": 0.031598075418674446, "v_measure": 0.0552364414469998}}, "em": {"2": {"silhouette": 0.15668626595412707, "average_entropy": 0.3347653823545743, "score": -7.978905918170414, "homogeneity": 0.22805053448512155, "completeness": 0.14838833502932453, "v_measure": 0.17979035564761792}, "3": {"silhouette": 0.038619566957770864, "average_entropy": 0.3773805928253888, "score": -5.016961163622342, "homogeneity": 0.12978234225338525, "completeness": 0.05220013903358535, "v_measure": 0.07445393932230238}, "4": {"silhouette": 0.03155373940155652, "average_entropy": 0.33334667982138455, "score": -2.6352826896852006, "homogeneity": 0.23132197986133202, "completeness": 0.07796456878204025, "v_measure": 0.11662271436506601}, "5": {"silhouette": 0.04303390122977223, "average_entropy": 0.37353653039646334, "score": -2.3821299443400834, "homogeneity": 0.1386465262276763, "completeness": 0.044846612026716796, "v_measure": 0.06777176552470619}, "6": {"silhouette": 0.020713095132676926, "average_entropy": 0.30261672967580727, "score": -1.1923179103619725, "homogeneity": 0.30218345431645466, "completeness": 0.0824874394081764, "v_measure": 0.12959826066760155}, "7": {"silhouette": 0.013892689673121263, "average_entropy": 0.30157916896538517, "score": -0.7018038059857359, "homogeneity": 0.3045760088578357, "completeness": 0.07834899222139727, "v_measure": 0.124636538651542}, "8": {"silhouette": 0.011865806696578125, "average_entropy": 0.28665335379409507, "score": -0.39891587728466493, "homogeneity": 0.3389940689416222, "completeness": 0.08352080079102628, "v_measure": 0.13402158423123944}, "9": {"silhouette": 0.010337967460292653, "average_entropy": 0.29399172753405617, "score": -0.14723779901461514,