{"kmeans": {"2": {"silhouette": 0.6337557700114903, "average_entropy": 0.1709334270520867, "score": -76017.05222040242, "homogeneity": 0.44169604996696665, "completeness": 0.38206339659593497, "v_measure": 0.4097212938012748}, "3": {"silhouette": 0.5452074885763191, "average_entropy": 0.14327720627419496, "score": -52904.758883942566, "homogeneity": 0.532026990904442, "completeness": 0.30740280673297465, "v_measure": 0.38966115027612247}, "4": {"silhouette": 0.4082236208558557, "average_entropy": 0.1482893699505395, "score": -38284.098163987044, "homogeneity": 0.515656226993752, "completeness": 0.17032151687850042, "v_measure": 0.25606472383097023}, "5": {"silhouette": 0.3571512170132574, "average_entropy": 0.1481591368626583, "score": -31113.447190718587, "homogeneity": 0.5160815952124913, "completeness": 0.12079749395293034, "v_measure": 0.19577142486682317}, "6": {"silhouette": 0.33404024640949237, "average_entropy": 0.14641718513730834, "score": -26143.965603156805, "homogeneity": 0.5217711700709764, "completeness": 0.10503113327289144, "v_measure": 0.17486284593824275}, "7": {"silhouette": 0.334129215510653, "average_entropy": 0.11319560006038112, "score": -22222.892400043234, "homogeneity": 0.6302797426461664, "completeness": 0.11873113055888058, "v_measure": 0.19982040071734272}, "8": {"silhouette": 0.336156197289552, "average_entropy": 0.11608996156210372, "score": -19419.057088599286, "homogeneity": 0.6208261589492652, "completeness": 0.10896177477360783, "v_measure": 0.18538623887602299}, "9": {"silhouette": 0.3111509146168332, "average_entropy": 0.11668769655926609, "score": -17771.99477107057, "homogeneity": 0.618873832738151, "completeness": 0.10110582777316683, "v_measure": 0.1738153300100331}, "10": {"silhouette": 0.3100550847601329, "average_entropy": 0.10774070296535312, "score": -16339.67195795794, "homogeneity": 0.6480965655327137, "completeness": 0.10326123037114934, "v_measure": 0.17813949391639008}, "11": {"silhouette": 0.30498285839490136, "average_entropy": 0.10769571879237938, "score": -15039.844246460687, "homogeneity": 0.6482434931518106, "completeness": 0.09519968415708774, "v_measure": 0.16601827197695368}, "12": {"silhouette": 0.30143878258780743, "average_entropy": 0.10709313025257675, "score": -14049.383708640189, "homogeneity": 0.6502116720376941, "completeness": 0.09106729068070739, "v_measure": 0.1597590605412592}, "13": {"silhouette": 0.3005595366855347, "average_entropy": 0.11016384512150862, "score": -13079.182109388348, "homogeneity": 0.6401820817444678, "completeness": 0.08572237431351461, "v_measure": 0.15119876336926866}, "14": {"silhouette": 0.30207453982657595, "average_entropy": 0.10669420651513868, "score": -12224.657084113684, "homogeneity": 0.6515146395275236, "completeness": 0.0863718944151748, "v_measure": 0.15252359561173903}, "15": {"silhouette": 0.3046449563950141, "average_entropy": 0.10679990172880141, "score": -11468.557037859508, "homogeneity": 0.6511694170844626, "completeness": 0.08432367432181334, "v_measure": 0.14931206967442284}, "16": {"silhouette": 0.2976710695835075, "average_entropy": 0.10762558216131365, "score": -10836.179700875862, "homogeneity": 0.6484725739047115, "completeness": 0.08105701167146152, "v_measure": 0.14410176100014674}, "17": {"silhouette": 0.29927149865897107, "average_entropy": 0.10177221240024031, "score": -10328.47162029326, "homogeneity": 0.6675908909885646, "completeness": 0.08271901991563069, "v_measure": 0.14719907975260077}, "18": {"silhouette": 0.29810783245720773, "average_entropy": 0.1018374455977325, "score": -9840.101957555793, "homogeneity": 0.6673778258645489, "completeness": 0.08071767384844772, "v_measure": 0.14401686870857386}, "19": {"silhouette": 0.29217720467505126, "average_entropy": 0.10030726006350951, "score": -9392.334685463813, "homogeneity": 0.6723757285145666, "completeness": 0.07935275200754911, "v_measure": 0.14195248902543578}, "20": {"silhouette": 0.2894930253944711, "average_entropy": 0.10044441466352733, "score": -8999.491433942425, "homogeneity": 0.6719277532046697, "completeness": 0.0764689815663976, "v_measure": 0.1373112109835069}, "21": {"silhouette": 0.2888780407215816, "average_entropy": 0.0995489883151296, "score": -8623.020620953119, "homogeneity": 0.6748524009806841, "completeness": 0.07557919494032603, "v_measure": 0.1359345780399015}, "22": {"silhouette": 0.28766057055118, "average_entropy": 0.09998876190145398, "score": -8267.53776502078, "homogeneity": 0.6734160094298942, "completeness": 0.07425704451886712, "v_measure": 0.13376403583853227}, "23": {"silhouette": 0.28608740600525595, "average_entropy": 0.10027661246443938, "score": -7983.311309851761, "homogeneity": 0.67247582991612, "completeness": 0.07392785250174319, "v_measure": 0.13321127731841553}, "24": {"silhouette": 0.28349970037803995, "average_entropy": 0.10009992703967242, "score": -7716.341097539031, "homogeneity": 0.6730529210811529, "completeness": 0.07290715127965143, "v_measure": 0.13156299634423507}, "25": {"silhouette": 0.284281869290167, "average_entropy": 0.09709274428730352, "score": -7477.156004067658, "homogeneity": 0.6828750023327435, "completeness": 0.07263480942555661, "v_measure": 0.13130337921219046}, "26": {"silhouette": 0.28294676599091867, "average_entropy": 0.09917787843345462, "score": -7217.841576240915, "homogeneity": 0.6760645226610879, "completeness": 0.07080988692294554, "v_measure": 0.12819304500982648}, "27": {"silhouette": 0.28118540003791404, "average_entropy": 0.09862350657523276, "score": -7014.467092088255, "homogeneity": 0.6778752158857552, "completeness": 0.07023451061331866, "v_measure": 0.12728141971214618}, "28": {"silhouette": 0.2793806122105417, "average_entropy": 0.09662089990511308, "score": -6817.628456957547, "homogeneity": 0.6844161437403733, "completeness": 0.07038177953601996, "v_measure": 0.1276379403126385}, "29": {"silhouette": 0.27562842543868077, "average_entropy": 0.09658735928932695, "score": -6617.072724324597, "homogeneity": 0.6845256943332748, "completeness": 0.06899877320955497, "v_measure": 0.1253613788904079}, "30": {"silhouette": 0.2741795746501362, "average_entropy": 0.09662594080811672, "score": -6438.845482748457, "homogeneity": 0.6843996791078709, "completeness": 0.06858170773969673, "v_measure": 0.12467054190071272}}, "em": {"2": {"silhouette": 0.5538956161676771, "average_entropy": 0.17702294568745153, "score": -3.7602150532918888, "homogeneity": 0.4218064217850675, "completeness": 0.2789661531556241, "v_measure": 0.3358285385859389}, "3": {"silhouette": 0.5034180183742856, "average_entropy": 0.10890516332167509, "score": -3.6895735085072583, "homogeneity": 0.644293197006123, "completeness": 0.32579459179501136, "v_measure": 0.43275926475545634}, "4": {"silhouette": 0.4076712164215748, "average_entropy": 0.10794310234587529, "score": -3.451235502117288, "homogeneity": 0.6474354872662892, "completeness": 0.20760920207024305, "v_measure": 0.3144012624828086}, "5": {"silhouette": 0.3180437298502314, "average_entropy": 0.10683502027990463, "score": -3.407936278976986, "homogeneity": 0.6510547126282384, "completeness": 0.15136103475377807, "v_measure": 0.24561909535361728}, "6": {"silhouette": 0.27111820397830855, "average_entropy": 0.1158608294775234, "score": -3.3401623579755944, "homogeneity": 0.621574551759889, "completeness": 0.13455206240869977, "v_measure": 0.2212172837535085}, "7": {"silhouette": 0.2669178349700494, "average_entropy": 0.10460626612143799, "score": -3.317509670909718, "homogeneity": 0.6583342849844723, "completeness": 0.1254442203699629, "v_measure": 0.2107335951637214}, "8": {"silhouette": 0.30613245877911754, "average_entropy": 0.10146290904413395, "score": -3.2855203751273026, "homogeneity": 0.6686011397646549, "completeness": 0.12328140500202873, "v_measure": 0.20817755976785685}, "9": {"silhouette": 0.278524547336577, "average_entropy": 0.1005463714441223, "score": -3.271093637310539, "homogeneity": 0.6715947412577375, "completeness": 0.1108084108172153,