{"kmeans": {"2": {"silhouette": 0.8163948162878621, "average_entropy": 0.2280526135256204, "score": -41725.98538173691, "homogeneity": 0.25513296525721135, "completeness": 0.33295625718037253, "v_measure": 0.28889533749068824}, "3": {"silhouette": 0.7349045272087514, "average_entropy": 0.20350924179372087, "score": -29385.363398763362, "homogeneity": 0.33529669695886927, "completeness": 0.29156227354462816, "v_measure": 0.3119038631570056}, "4": {"silhouette": 0.39078791753347203, "average_entropy": 0.18788624367122184, "score": -21691.443566774662, "homogeneity": 0.3863246422447986, "completeness": 0.12193277428110841, "v_measure": 0.18536133018597634}, "5": {"silhouette": 0.3965538989287702, "average_entropy": 0.1729571597666579, "score": -16815.838256886847, "homogeneity": 0.43508612007881525, "completeness": 0.12654384237346417, "v_measure": 0.19606314861740956}, "6": {"silhouette": 0.3950839267670029, "average_entropy": 0.16375989959047765, "score": -14671.052116250228, "homogeneity": 0.46512627532754364, "completeness": 0.1272040515841457, "v_measure": 0.19977348459731145}, "7": {"silhouette": 0.33120527364455454, "average_entropy": 0.1626411556231417, "score": -12710.238668964414, "homogeneity": 0.4687803246659988, "completeness": 0.10003260227141939, "v_measure": 0.1648813293413073}, "8": {"silhouette": 0.34185177556281987, "average_entropy": 0.16212666917556423, "score": -11375.156360237826, "homogeneity": 0.47046074388460796, "completeness": 0.0896068649021695, "v_measure": 0.1505407977810464}, "9": {"silhouette": 0.34083267935360706, "average_entropy": 0.1573858714380667, "score": -10307.764412826551, "homogeneity": 0.48594517047570496, "completeness": 0.09092618769027679, "v_measure": 0.1531888909109064}, "10": {"silhouette": 0.34263180540179383, "average_entropy": 0.154358814851332, "score": -9413.426474009282, "homogeneity": 0.495832163783528, "completeness": 0.09191823807028712, "v_measure": 0.1550863044238141}, "11": {"silhouette": 0.30693988051382026, "average_entropy": 0.15455477710863977, "score": -8721.165422102751, "homogeneity": 0.49519211049378037, "completeness": 0.08191467102807594, "v_measure": 0.1405753670744568}, "12": {"silhouette": 0.3176524627835957, "average_entropy": 0.15549676745410837, "score": -8069.023441227637, "homogeneity": 0.4921153750662036, "completeness": 0.07476069826686467, "v_measure": 0.12980222944139988}, "13": {"silhouette": 0.3153263058029567, "average_entropy": 0.15022798645882202, "score": -7519.902326521286, "homogeneity": 0.5093243042514312, "completeness": 0.0762469827805911, "v_measure": 0.1326377925831317}, "14": {"silhouette": 0.3152734125872831, "average_entropy": 0.14927187656403382, "score": -7080.952394645023, "homogeneity": 0.5124471570493428, "completeness": 0.07580140386552137, "v_measure": 0.1320673487099523}, "15": {"silhouette": 0.31296037633754503, "average_entropy": 0.14722579982953976, "score": -6713.3198804090825, "homogeneity": 0.5191300671309987, "completeness": 0.07560240146984529, "v_measure": 0.13198364583201033}, "16": {"silhouette": 0.3096672171794582, "average_entropy": 0.1489053872532897, "score": -6369.556763907636, "homogeneity": 0.5136441869887879, "completeness": 0.07056199218464275, "v_measure": 0.12407865031236004}, "17": {"silhouette": 0.3085728309569143, "average_entropy": 0.14794263063158772, "score": -6020.702981774237, "homogeneity": 0.5167887493724395, "completeness": 0.06804705023089995, "v_measure": 0.12025922493514042}, "18": {"silhouette": 0.3060281097416458, "average_entropy": 0.14593808790382243, "score": -5776.021302503799, "homogeneity": 0.5233360007920252, "completeness": 0.067431350239643, "v_measure": 0.11946920594306658}, "19": {"silhouette": 0.3064589348297583, "average_entropy": 0.1453217119434899, "score": -5477.059944963552, "homogeneity": 0.5253492122468789, "completeness": 0.0674351814830457, "v_measure": 0.119527503910584}, "20": {"silhouette": 0.3104479856914677, "average_entropy": 0.14509260704748927, "score": -5293.044592382144, "homogeneity": 0.5260975162539722, "completeness": 0.06586623639297687, "v_measure": 0.11707494999954443}, "21": {"silhouette": 0.3036310952952701, "average_entropy": 0.1387899225554299, "score": -5056.466820989602, "homogeneity": 0.5466833882417638, "completeness": 0.06731471604324304, "v_measure": 0.11986954613778582}, "22": {"silhouette": 0.30463641523227, "average_entropy": 0.13953709843085627, "score": -4868.843089615082, "homogeneity": 0.5442429571931725, "completeness": 0.06589733696309519, "v_measure": 0.11756037712455827}, "23": {"silhouette": 0.30341474253509576, "average_entropy": 0.14153943831204616, "score": -4684.757095963842, "homogeneity": 0.5377029007264149, "completeness": 0.06317865140580732, "v_measure": 0.11307168277787397}, "24": {"silhouette": 0.3047246240747075, "average_entropy": 0.13633903994332983, "score": -4493.489839031213, "homogeneity": 0.5546884781004354, "completeness": 0.06466452645690376, "v_measure": 0.11582624933934457}, "25": {"silhouette": 0.30274670387078156, "average_entropy": 0.13828415860802717, "score": -4364.080295772397, "homogeneity": 0.5483353179695472, "completeness": 0.061999342211301156, "v_measure": 0.1114025836752024}, "26": {"silhouette": 0.30437935279975853, "average_entropy": 0.13885781388639992, "score": -4213.365501144068, "homogeneity": 0.5464616411036695, "completeness": 0.0616547578705901, "v_measure": 0.11080760270448872}, "27": {"silhouette": 0.30296276371095904, "average_entropy": 0.1391157478903507, "score": -4089.102773825166, "homogeneity": 0.5456191752633874, "completeness": 0.06123199211592815, "v_measure": 0.1101072250789435}, "28": {"silhouette": 0.2934463039930152, "average_entropy": 0.13975079515907754, "score": -3979.417322664342, "homogeneity": 0.5435449794510043, "completeness": 0.05962860674750539, "v_measure": 0.10746766957596234}, "29": {"silhouette": 0.29706146858142635, "average_entropy": 0.13973289722563062, "score": -3873.4798664964865, "homogeneity": 0.543603437805892, "completeness": 0.05842485576702132, "v_measure": 0.10550983329961934}, "30": {"silhouette": 0.29746117735861577, "average_entropy": 0.1352610200695488, "score": -3787.350131778128, "homogeneity": 0.5582095141208665, "completeness": 0.05993803024316041, "v_measure": 0.10825240363550803}}, "em": {"2": {"silhouette": 0.6952667224807104, "average_entropy": 0.19218931854118043, "score": -1.7722683690680059, "homogeneity": 0.3722699091325036, "completeness": 0.28776820066396797, "v_measure": 0.3246098681951352}, "3": {"silhouette": 0.24654544553529645, "average_entropy": 0.18298424838671284, "score": -1.6149762637361915, "homogeneity": 0.40233557338672565, "completeness": 0.15578669636980086, "v_measure": 0.22460501293850987}, "4": {"silhouette": 0.24125091692332787, "average_entropy": 0.15295421322888839, "score": -1.5272908253569488, "homogeneity": 0.5004198833861633, "completeness": 0.15402456271558537, "v_measure": 0.23554926372086474}, "5": {"silhouette": 0.24526986107811102, "average_entropy": 0.14758656265079534, "score": -1.4971527415152595, "homogeneity": 0.5179517410914066, "completeness": 0.14480651445390505, "v_measure": 0.22633527581204227}, "6": {"silhouette": 0.25500155537063746, "average_entropy": 0.14493103275861932, "score": -1.488455860383938, "homogeneity": 0.5266252513216848, "completeness": 0.12184648360637321, "v_measure": 0.19790356802209313}, "7": {"silhouette": 0.19656256720170617, "average_entropy": 0.13554668943307396, "score": -1.4480800082530114, "homogeneity": 0.5572764588559562, "completeness": 0.1132058998394835, "v_measure": 0.18818387140535073}, "8": {"silhouette": 0.23209919860952874, "average_entropy": 0.12969618408046243, "score": -1.4428899550638972, "homogeneity": 0.5763854201889438, "completeness": 0.12439669977310479, "v_measure": 0.20462977586449235}, "9": {"silhouette": 0.18489321341915077, "average_entropy": 0.13081913737354522, "score": -1.426853881373326, "homogeneity": 0.5727176223214167,