{"kmeans": {"2": {"silhouette": 0.5317530621519719, "average_entropy": 0.22379295840662822, "score": -3.164309061389795, "homogeneity": 0.26904588047645817, "completeness": 0.24943780062862886, "v_measure": 0.2588710701606004}, "3": {"silhouette": 0.3583348518698187, "average_entropy": 0.22552041571358614, "score": -2.5952982655503094, "homogeneity": 0.26340364738828675, "completeness": 0.11430422380969363, "v_measure": 0.15942558659350142}, "4": {"silhouette": 0.39170747838602255, "average_entropy": 0.16493378811578568, "score": -1.9570035345673071, "homogeneity": 0.4612921124497508, "completeness": 0.1785721391731424, "v_measure": 0.25747310963200115}, "5": {"silhouette": 0.32090741244773285, "average_entropy": 0.17264412787027025, "score": -1.4833984725131881, "homogeneity": 0.43610854703914076, "completeness": 0.10585946225722939, "v_measure": 0.1703650971402613}, "6": {"silhouette": 0.29502626137125587, "average_entropy": 0.1691737166589568, "score": -1.3343232546345494, "homogeneity": 0.4474436283098437, "completeness": 0.09363884625215128, "v_measure": 0.1548677219742761}, "7": {"silhouette": 0.2674370025104234, "average_entropy": 0.17255785249262204, "score": -1.2005566761331476, "homogeneity": 0.43639034027854523, "completeness": 0.07835061464233879, "v_measure": 0.13284915862216032}, "8": {"silhouette": 0.27011814812677426, "average_entropy": 0.1709473266817662, "score": -1.1185614335000726, "homogeneity": 0.44165065089968863, "completeness": 0.07764736815317119, "v_measure": 0.13207449066739113}, "9": {"silhouette": 0.26038250000993685, "average_entropy": 0.17076158645442585, "score": -1.0404403596279546, "homogeneity": 0.4422573169239594, "completeness": 0.071964705888898, "v_measure": 0.12378667706820004}, "10": {"silhouette": 0.26096748326268715, "average_entropy": 0.12985941449803307, "score": -0.9648660648939557, "homogeneity": 0.5758522758621338, "completeness": 0.09072414709509635, "v_measure": 0.15675233860983517}, "11": {"silhouette": 0.26654873138202617, "average_entropy": 0.13048946265372227, "score": -0.9044542208116632, "homogeneity": 0.5737944081875712, "completeness": 0.08469207865340242, "v_measure": 0.14759859805852113}, "12": {"silhouette": 0.2597185038797164, "average_entropy": 0.1284279374048745, "score": -0.8515778228354138, "homogeneity": 0.5805277763144125, "completeness": 0.08329218346113532, "v_measure": 0.1456823505741356}, "13": {"silhouette": 0.2620671272054808, "average_entropy": 0.12416322190298953, "score": -0.8089833167570566, "homogeneity": 0.5944572197915166, "completeness": 0.08408515459030715, "v_measure": 0.1473305989741083}, "14": {"silhouette": 0.2510321181891904, "average_entropy": 0.12478709978125571, "score": -0.7681580264576062, "homogeneity": 0.5924195055200514, "completeness": 0.08000222259393582, "v_measure": 0.14096771465888824}, "15": {"silhouette": 0.2467211679459586, "average_entropy": 0.12640238683493438, "score": -0.729120812093808, "homogeneity": 0.5871436436944348, "completeness": 0.07541533615179327, "v_measure": 0.13366247113240032}, "16": {"silhouette": 0.23807872513024061, "average_entropy": 0.12641138227895432, "score": -0.6997506985820536, "homogeneity": 0.5871142627125221, "completeness": 0.07267151210174358, "v_measure": 0.1293343472275686}, "17": {"silhouette": 0.23952556882639672, "average_entropy": 0.12667984548798472, "score": -0.6742700612471597, "homogeneity": 0.5862374063092721, "completeness": 0.07020219936959707, "v_measure": 0.12538900736520198}, "18": {"silhouette": 0.24116556097558192, "average_entropy": 0.11389531684566442, "score": -0.6513640579700003, "homogeneity": 0.6279943228083646, "completeness": 0.07612083445634671, "v_measure": 0.1357830502377594}, "19": {"silhouette": 0.23733875552646436, "average_entropy": 0.11511142035436031, "score": -0.6274787040734716, "homogeneity": 0.6240222770577856, "completeness": 0.07342195178779924, "v_measure": 0.13138522521431137}, "20": {"silhouette": 0.23207086130629279, "average_entropy": 0.11582279548685988, "score": -0.6078506091777105, "homogeneity": 0.6216987786451059, "completeness": 0.07062335529508577, "v_measure": 0.12683822047083992}, "21": {"silhouette": 0.22801494317804874, "average_entropy": 0.11632148450557425, "score": -0.5904800196942082, "homogeneity": 0.6200699570986831, "completeness": 0.06893144908428489, "v_measure": 0.12407034381317981}, "22": {"silhouette": 0.23128300797582474, "average_entropy": 0.11875949390545334, "score": -0.5751532281470351, "homogeneity": 0.6121069138154306, "completeness": 0.0676206431692838, "v_measure": 0.12178721540782134}, "23": {"silhouette": 0.23356226218279946, "average_entropy": 0.11550859405975208, "score": -0.5566862289213844, "homogeneity": 0.6227250255348209, "completeness": 0.06743603154910431, "v_measure": 0.12169363668769387}, "24": {"silhouette": 0.23377494806239615, "average_entropy": 0.11879169388469743, "score": -0.5419325044733125, "homogeneity": 0.6120017420189413, "completeness": 0.06548729608495364, "v_measure": 0.11831435500792764}, "25": {"silhouette": 0.2359869136641252, "average_entropy": 0.11573991739825926, "score": -0.5252958264386106, "homogeneity": 0.6219694756353611, "completeness": 0.06658511928546666, "v_measure": 0.1202923109731381}, "26": {"silhouette": 0.23375454311123095, "average_entropy": 0.11707772047964846, "score": -0.5102601737969064, "homogeneity": 0.6175999338927801, "completeness": 0.06451851336599546, "v_measure": 0.11683199523434852}, "27": {"silhouette": 0.2333841278019888, "average_entropy": 0.11591001817046298, "score": -0.49996044310547905, "homogeneity": 0.621413891308393, "completeness": 0.06457199321996475, "v_measure": 0.11698763628043345}, "28": {"silhouette": 0.2296286696849533, "average_entropy": 0.11527344764141514, "score": -0.48779575981544915, "homogeneity": 0.6234930624042457, "completeness": 0.06341188212404032, "v_measure": 0.11511598189320314}, "29": {"silhouette": 0.23372769555209294, "average_entropy": 0.11166200645020728, "score": -0.47621522472556477, "homogeneity": 0.6352887767775918, "completeness": 0.06449699375858835, "v_measure": 0.11710502841271228}, "30": {"silhouette": 0.23233202208340975, "average_entropy": 0.11256949764476466, "score": -0.4659111230216841, "homogeneity": 0.6323247227170182, "completeness": 0.06321173901260138, "v_measure": 0.11493386053179085}}, "em": {"2": {"silhouette": 0.4424764723994859, "average_entropy": 0.19564444218862326, "score": 15.726288017584297, "homogeneity": 0.3609847602094034, "completeness": 0.2246935252291223, "v_measure": 0.27698120398883685}, "3": {"silhouette": 0.3697796572126143, "average_entropy": 0.1166701157851932, "score": 15.956700417552762, "homogeneity": 0.618931255184881, "completeness": 0.30522646077328447, "v_measure": 0.4088354037842595}, "4": {"silhouette": 0.22788167215333244, "average_entropy": 0.18063217888793304, "score": 16.45768218960004, "homogeneity": 0.41001791916641234, "completeness": 0.125080368412877, "v_measure": 0.1916851299122006}, "5": {"silhouette": 0.2562426218319599, "average_entropy": 0.11655251045857667, "score": 16.429929990174703, "homogeneity": 0.6193153785218282, "completeness": 0.1366121074000647, "v_measure": 0.2238468122427228}, "6": {"silhouette": 0.21669274372864727, "average_entropy": 0.1140736118961599, "score": 16.559569304202448, "homogeneity": 0.6274119742725661, "completeness": 0.1235521929049921, "v_measure": 0.2064495981681044}, "7": {"silhouette": 0.1658925248815507, "average_entropy": 0.11813833938875122, "score": 16.624800327769485, "homogeneity": 0.6141357330243822, "completeness": 0.12005942698003566, "v_measure": 0.20085336491302344}, "8": {"silhouette": 0.19435035544571164, "average_entropy": 0.12615384537794141, "score": 16.67153245249534, "homogeneity": 0.5879554315324217, "completeness": 0.10125712239207713, "v_measure": 0.17276143550422557}, "9": {"silhouette": 0.19935555123865667, "average_entropy": 0.12302236287633482, "score": 16.684374961775823, "homogeneity": 0.5981835014907564,