{"kmeans": {"2": {"silhouette": 0.8261564641640141, "average_entropy": 0.30467511792248475, "score": -2.291394935280271, "homogeneity": 0.004868007700618136, "completeness": 0.011511638011146326, "v_measure": 0.006842485298047648}, "3": {"silhouette": 0.8301026839658722, "average_entropy": 0.3026882187426241, "score": -1.8025500018331664, "homogeneity": 0.01135763164113944, "completeness": 0.02552697975826536, "v_measure": 0.01572070421812166}, "4": {"silhouette": 0.7541879618777225, "average_entropy": 0.15974877936732432, "score": -1.379513862399277, "homogeneity": 0.47822742413890024, "completeness": 0.34817595867760165, "v_measure": 0.4029685631198671}, "5": {"silhouette": 0.764693816191304, "average_entropy": 0.1598670191331777, "score": -1.1693433781646365, "homogeneity": 0.47784122859209377, "completeness": 0.32067245982922515, "v_measure": 0.38378934363263395}, "6": {"silhouette": 0.7725400852720027, "average_entropy": 0.15112924616236958, "score": -0.9903611231196447, "homogeneity": 0.5063806035302035, "completeness": 0.32879791129679325, "v_measure": 0.3987096933316814}, "7": {"silhouette": 0.7649959302897896, "average_entropy": 0.14804338071447196, "score": -0.8668705751161375, "homogeneity": 0.5164596787499794, "completeness": 0.32338735272496894, "v_measure": 0.39773082964126816}, "8": {"silhouette": 0.7699567959993204, "average_entropy": 0.14623032110795353, "score": -0.7745661693812899, "homogeneity": 0.5223815066652137, "completeness": 0.2958258400086117, "v_measure": 0.3777378647170844}, "9": {"silhouette": 0.7721816572750759, "average_entropy": 0.14568189801493533, "score": -0.705919276197617, "homogeneity": 0.5241727699915347, "completeness": 0.2654476666953338, "v_measure": 0.3524236006942668}, "10": {"silhouette": 0.7717039434877917, "average_entropy": 0.14568071911256952, "score": -0.6394822933620499, "homogeneity": 0.5241766205306568, "completeness": 0.2645054949682954, "v_measure": 0.351593103836406}, "11": {"silhouette": 0.7687538136903641, "average_entropy": 0.14186017664105746, "score": -0.5886450819722557, "homogeneity": 0.536655302962169, "completeness": 0.2471901611995464, "v_measure": 0.33847465326517906}, "12": {"silhouette": 0.7694468772293407, "average_entropy": 0.1415148181856635, "score": -0.5290328266689577, "homogeneity": 0.5377833151546879, "completeness": 0.24734336377101307, "v_measure": 0.33884247656007926}, "13": {"silhouette": 0.7476681356751225, "average_entropy": 0.1399392538299904, "score": -0.4967581678149206, "homogeneity": 0.5429294344274103, "completeness": 0.22488858882626656, "v_measure": 0.3180405529508743}, "14": {"silhouette": 0.7643871908941101, "average_entropy": 0.14503586610643107, "score": -0.4617660824986297, "homogeneity": 0.5262828439108725, "completeness": 0.23324543965230804, "v_measure": 0.32323502880916055}, "15": {"silhouette": 0.7708851414137899, "average_entropy": 0.14028634153439806, "score": -0.4326601696718332, "homogeneity": 0.5417957741497138, "completeness": 0.23492528582002528, "v_measure": 0.32774063600943754}, "16": {"silhouette": 0.7510931687555674, "average_entropy": 0.13935861713077421, "score": -0.4007245753961169, "homogeneity": 0.54482591405867, "completeness": 0.21801632551044958, "v_measure": 0.31141679803424344}, "17": {"silhouette": 0.7501908795480163, "average_entropy": 0.13924833136379974, "score": -0.3815483694689586, "homogeneity": 0.5451861301989299, "completeness": 0.21349105571837895, "v_measure": 0.30682974171276367}, "18": {"silhouette": 0.6945723706397859, "average_entropy": 0.13911815817126424, "score": -0.36131513300828355, "homogeneity": 0.5456113027870773, "completeness": 0.19737076155857566, "v_measure": 0.2898797252687197}, "19": {"silhouette": 0.6951631269262067, "average_entropy": 0.13876473578751972, "score": -0.34941788021136155, "homogeneity": 0.5467656534385447, "completeness": 0.19612402227465364, "v_measure": 0.28869395470073983}, "20": {"silhouette": 0.5417914130646836, "average_entropy": 0.1365346522824895, "score": -0.3307733004268287, "homogeneity": 0.5540495677157833, "completeness": 0.1595936982726442, "v_measure": 0.2478067789672257}, "21": {"silhouette": 0.6008742696137165, "average_entropy": 0.136589840703476, "score": -0.2998208223375303, "homogeneity": 0.5538693109107551, "completeness": 0.1692426191901952, "v_measure": 0.2592635772293741}, "22": {"silhouette": 0.5473066036431267, "average_entropy": 0.1368397579649321, "score": -0.28331903276887477, "homogeneity": 0.5530530294106525, "completeness": 0.15633160369220803, "v_measure": 0.24375962765481723}, "23": {"silhouette": 0.5437268822408148, "average_entropy": 0.13402252149240082, "score": -0.2705186446515322, "homogeneity": 0.5622547068000082, "completeness": 0.1549035139156443, "v_measure": 0.24288985967983248}, "24": {"silhouette": 0.5030410218812912, "average_entropy": 0.13413882862750565, "score": -0.25977626713189217, "homogeneity": 0.5618748236252199, "completeness": 0.14596054531079114, "v_measure": 0.23172494410958322}, "25": {"silhouette": 0.499414185845628, "average_entropy": 0.1343005682406954, "score": -0.2500637604519679, "homogeneity": 0.5613465485740622, "completeness": 0.14494455684977453, "v_measure": 0.23039827656725834}, "26": {"silhouette": 0.5535651327135882, "average_entropy": 0.1338497772796675, "score": -0.23447703836338518, "homogeneity": 0.5628189251508436, "completeness": 0.14598338603848313, "v_measure": 0.2318339292155992}, "27": {"silhouette": 0.508716423642079, "average_entropy": 0.13356838668231602, "score": -0.2243368030726098, "homogeneity": 0.5637380050798757, "completeness": 0.13734640005418125, "v_measure": 0.2208789270006412}, "28": {"silhouette": 0.505067784528194, "average_entropy": 0.13356564177771443, "score": -0.2162399349318447, "homogeneity": 0.5637469705064048, "completeness": 0.13579682411583613, "v_measure": 0.2188713524105636}, "29": {"silhouette": 0.6090785161880151, "average_entropy": 0.13481235433743416, "score": -0.20500924396816025, "homogeneity": 0.5596749492601739, "completeness": 0.1601988624003839, "v_measure": 0.24909724102520758}, "30": {"silhouette": 0.612342255885362, "average_entropy": 0.13455834564811095, "score": -0.1974397046464332, "homogeneity": 0.5605045942104714, "completeness": 0.15888973986913896, "v_measure": 0.2475928011957448}}, "em": {"2": {"silhouette": 0.6816396240577044, "average_entropy": 0.19578275167769063, "score": 14.281143599947528, "homogeneity": 0.3605330127928514, "completeness": 0.23058159701089392, "v_measure": 0.2812729595451051}, "3": {"silhouette": 0.6788176178355669, "average_entropy": 0.18323878567061158, "score": 14.518456892177637, "homogeneity": 0.40150420193713626, "completeness": 0.20349474385963193, "v_measure": 0.2700963209916387}, "4": {"silhouette": 0.6773505126481706, "average_entropy": 0.15937936340479272, "score": 14.64466401369788, "homogeneity": 0.4794340131287978, "completeness": 0.22611262236469995, "v_measure": 0.30729671578281803}, "5": {"silhouette": 0.6865253931352052, "average_entropy": 0.1531060427899826, "score": 14.727651689138082, "homogeneity": 0.49992397661618765, "completeness": 0.22188718318581668, "v_measure": 0.3073566305315801}, "6": {"silhouette": 0.6694611774918237, "average_entropy": 0.1596235568965139, "score": 14.906539792194254, "homogeneity": 0.4786364266452596, "completeness": 0.19992346363257854, "v_measure": 0.28204040234815564}, "7": {"silhouette": 0.685816823731099, "average_entropy": 0.14319852690140175, "score": 14.927031436000174, "homogeneity": 0.5322839740198824, "completeness": 0.2070137285448973, "v_measure": 0.2980939605906482}, "8": {"silhouette": 0.6844353350734436, "average_entropy": 0.14274388997841078, "score": 14.937668392043088, "homogeneity": 0.5337689123044154, "completeness": 0.20360462342437607, "v_measure": 0.2947700537637722}, "9": {"silhouette": 0.6883552993334792, "average_entropy": 0.14186713740949236, "score": 14.943060427066115, "homogeneity": 0.5366325676518299, "completeness": 0.2042071264388093,